Workbook

Sheet CADASTRO
A1: CURSOS DE INFORMÁTICA TECHBY
A3: NOME DO ALUNO | B3: FILIAL | C3: CÓDIGO CURSO | D3: NOME CURSO | E3: VALOR MENSALIDADE
A4: Ana Maria Bernardes | B4: Vila Mariana | C4: 2 | D4: =VLOOKUP(C4,[1]TABELA!$A$2:$B$10,2) -> Word - Básico | E4: =VLOOKUP(C4,[1]TABELA!$A$2:$C$10,3) -> 180
A5: Beatriz Saracena | B5: Aclimação | C5: 3 | D5: =VLOOKUP(C5,[1]TABELA!$A$2:$B$10,2) -> Word - Avançado | E5: =VLOOKUP(C5,[1]TABELA!$A$2:$C$10,3) -> 270
A6: Diógenes Duarte Lima | B6: Vila Mariana | C6: 2 | D6: =VLOOKUP(C6,[1]TABELA!$A$2:$B$10,2) -> Word - Básico | E6: =VLOOKUP(C6,[1]TABELA!$A$2:$C$10,3) -> 180
A7: Fernando Coriolano | B7: Itaim Bibi | C7: 3 | D7: =VLOOKUP(C7,[1]TABELA!$A$2:$B$10,2) -> Word - Avançado | E7: =VLOOKUP(C7,[1]TABELA!$A$2:$C$10,3) -> 270
A8: Maria Carolina Braga | B8: Itaim Bibi | C8: 1 | D8: =VLOOKUP(C8,[1]TABELA!$A$2:$B$10,2) -> Internet | E8: =VLOOKUP(C8,[1]TABELA!$A$2:$C$10,3) -> 150
A9: Felipe dos Santos | B9: Aclimação | C9: 4 | D9: =VLOOKUP(C9,[1]TABELA!$A$2:$B$10,2) -> Excel - Básico | E9: =VLOOKUP(C9,[1]TABELA!$A$2:$C$10,3) -> 200
A10: Vanderlei Higino | B10: Aclimação | C10: 1 | D10: =VLOOKUP(C10,[1]TABELA!$A$2:$B$10,2) -> Internet | E10: =VLOOKUP(C10,[1]TABELA!$A$2:$C$10,3) -> 150
A11: Rodrigo Maia | B11: Aclimação | C11: 4 | D11: =VLOOKUP(C11,[1]TABELA!$A$2:$B$10,2) -> Excel - Básico | E11: =VLOOKUP(C11,[1]TABELA!$A$2:$C$10,3) -> 200
A12: Alexandre Garcia Gomes | B12: Vila Mariana | C12: 6 | D12: =VLOOKUP(C12,[1]TABELA!$A$2:$B$10,2) -> Power Point - Básico | E12: =VLOOKUP(C12,[1]TABELA!$A$2:$C$10,3) -> 120
A13: Jussara Medeiros | B13: Itaim Bibi | C13: 6 | D13: =VLOOKUP(C13,[1]TABELA!$A$2:$B$10,2) -> Power Point - Básico | E13: =VLOOKUP(C13,[1]TABELA!$A$2:$C$10,3) -> 120
A14: Rogerio Dias | B14: Itaim Bibi | C14: 3 | D14: =VLOOKUP(C14,[1]TABELA!$A$2:$B$10,2) -> Word - Avançado | E14: =VLOOKUP(C14,[1]TABELA!$A$2:$C$10,3) -> 270
A15: Jaciara Yonh | B15: Itaim Bibi | C15: 8 | D15: =VLOOKUP(C15,[1]TABELA!$A$2:$B$10,2) -> Access | E15: =VLOOKUP(C15,[1]TABELA!$A$2:$C$10,3) -> 270
... A24: João Paulo Moreira | B24: Aclimação | C24: 7 | D24: =VLOOKUP(C24,[1]TABELA!$A$2:$B$10,2) -> Power Point - Avançado | E24: =VLOOKUP(C24,[1]TABELA!$A$2:$C$10,3) -> 170

Sheet TABELA
A1: CÓDIGO | B1: CURSO | C1: MENSALIDADE
A2: 1 | B2: Internet | C2: 150
A3: 2 | B3: Word - Básico | C3: 180
A4: 3 | B4: Word - Avançado | C4: 270
A5: 4 | B5: Excel - Básico | C5: 200
A6: 5 | B6: Excel - Avançado | C6: 250
A7: 6 | B7: Power Point - Básico | C7: 120
A8: 7 | B8: Power Point - Avançado | C8: 170
A9: 8 | B9: Access | C9: 270
A10: 9 | B10: Access com VBA | C10: 320

Sheet DESCONTOS
A1: BRINQUEDOS & BRINCADEIRAS
I2: IR | M2: INSS
A3: Nome | B3: Salário | C3: IR | D3: Parcela IR a deduzir | E3: IR a pagar | F3: INSS a pagar | I3: Salário | J3: Alíquota | K3: Parcela a deduzir | M3: Salário | N3: Alíquota
A4: Roseli | B4: 1200 | C4: =VLOOKUP(B4,$I$4:$J$8,2)*B4 -> 0 | D4: =VLOOKUP(B4,$I$4:$K$8,3) -> 0 | E4: =C4-D4 -> 0 | F4: =IF(B4>5645.8,624.04,VLOOKUP(B4,$M$4:$N$6,2)*B4) -> 96 | I4: 0 | J4: 0 | K4: 0 | M4: 0 | N4: 0.08
A5: Mariana | B5: 780 | C5: =VLOOKUP(B5,$I$4:$J$8,2)*B5 -> 0 | D5: =VLOOKUP(B5,$I$4:$K$8,3) -> 0 | E5: =C5-D5 -> 0 | F5: =IF(B5>5645.8,624.04,VLOOKUP(B5,$M$4:$N$6,2)*B5) -> 62.4 | I5: 1903.99 | J5: 0.075 | K5: 142.8 | M5: 1693.73 | N5: 0.09
A6: Geraldo | B6: 1378 | C6: =VLOOKUP(B6,$I$4:$J$8,2)*B6 -> 0 | D6: =VLOOKUP(B6,$I$4:$K$8,3) -> 0 | E6: =C6-D6 -> 0 | F6: =IF(B6>5645.8,624.04,VLOOKUP(B6,$M$4:$N$6,2)*B6) -> 110.24 | I6: 2826.66 | J6: 0.15 | K6: 354.8 | M6: 2822.91 | N6: 0.11
A7: Maria Inês | B7: 1780 | C7: =VLOOKUP(B7,$I$4:$J$8,2)*B7 -> 0 | D7: =VLOOKUP(B7,$I$4:$K$8,3) -> 0 | E7: =C7-D7 -> 0 | F7: =IF(B7>5645.8,624.04,VLOOKUP(B7,$M$4:$N$6,2)*B7) -> 160.2 | I7: 3751.06 | J7: 0.225 | K7: 636.13
A8: Sabrina | B8: 1467 | C8: =VLOOKUP(B8,$I$4:$J$8,2)*B8 -> 0 | D8: =VLOOKUP(B8,$I$4:$K$8,3) -> 0 | E8: =C8-D8 -> 0 | F8: =IF(B8>5645.8,624.04,VLOOKUP(B8,$M$4:$N$6,2)*B8) -> 117.36 | I8: 4664.68 | J8: 0.275 | K8: 869.36
A9: Mercia | B9: 2800 | C9: =VLOOKUP(B9,$I$4:$J$8,2)*B9 -> 210 | D9: =VLOOKUP(B9,$I$4:$K$8,3) -> 142.8 | E9: =C9-D9 -> 67.2 | F9: =IF(B9>5645.8,624.04,VLOOKUP(B9,$M$4:$N$6,2)*B9) -> 252
A10: Benedito | B10: 560 | C10: =VLOOKUP(B10,$I$4:$J$8,2)*B10 -> 0 | D10: =VLOOKUP(B10,$I$4:$K$8,3) -> 0 | E10: =C10-D10 -> 0 | F10: =IF(B10>5645.8,624.04,VLOOKUP(B10,$M$4:$N$6,2)*B10) -> 44.8
A11: Henrique | B11: 4300 | C11: =VLOOKUP(B11,$I$4:$J$8,2)*B11 -> 967.5 | D11: =VLOOKUP(B11,$I$4:$K$8,3) -> 636.13 | E11: =C11-D11 -> 331.37 | F11: =IF(B11>5645.8,624.04,VLOOKUP(B11,$M$4:$N$6,2)*B11) -> 473
A12: Fabia | B12: 2789 | C12: =VLOOKUP(B12,$I$4:$J$8,2)*B12 -> 209.175 | D12: =VLOOKUP(B12,$I$4:$K$8,3) -> 142.8 | E12: =C12-D12 -> 66.375 | F12: =IF(B12>5645.8,624.04,VLOOKUP(B12,$M$4:$N$6,2)*B12) -> 251.01
A13: Marina | B13: 2250 | C13: =VLOOKUP(B13,$I$4:$J$8,2)*B13 -> 168.75 | D13: =VLOOKUP(B13,$I$4:$K$8,3) -> 142.8 | E13: =C13-D13 -> 25.95 | F13: =IF(B13>5645.8,624.04,VLOOKUP(B13,$M$4:$N$6,2)*B13) -> 202.5
A14: Eunice | B14: 1289 | C14: =VLOOKUP(B14,$I$4:$J$8,2)*B14 -> 0 | D14: =VLOOKUP(B14,$I$4:$K$8,3) -> 0 | E14: =C14-D14 -> 0 | F14: =IF(B14>5645.8,624.04,VLOOKUP(B14,$M$4:$N$6,2)*B14) -> 103.12
A15: Vania | B15: 3400 | C15: =VLOOKUP(B15,$I$4:$J$8,2)*B15 -> 510 | D15: =VLOOKUP(B15,$I$4:$K$8,3) -> 354.8 | E15: =C15-D15 -> 155.2 | F15: =IF(B15>5645.8,624.04,VLOOKUP(B15,$M$4:$N$6,2)*B15) -> 374
A16: Leonardo | B16: 3700 | C16: =VLOOKUP(B16,$I$4:$J$8,2)*B16 -> 555 | D16: =VLOOKUP(B16,$I$4:$K$8,3) -> 354.8 | E16: =C16-D16 -> 200.2 | F16: =IF(B16>5645.8,624.04,VLOOKUP(B16,$M$4:$N$6,2)*B16) -> 407
A17: Roberto | B17: 6600 | C17: =VLOOKUP(B17,$I$4:$J$8,2)*B17 -> 1815 | D17: =VLOOKUP(B17,$I$4:$K$8,3) -> 869.36 | E17: =C17-D17 -> 945.64 | F17: =IF(B17>5645.8,624.04,VLOOKUP(B17,$M$4:$N$6,2)*B17) -> 624.04
A18: Felipe | B18: 2890 | C18: =VLOOKUP(B18,$I$4:$J$8,2)*B18 -> 433.5 | D18: =VLOOKUP(B18,$I$4:$K$8,3) -> 354.8 | E18: =C18-D18 -> 78.7 | F18: =IF(B18>5645.8,624.04,VLOOKUP(B18,$M$4:$N$6,2)*B18) -> 317.9
A19: Hilda | B19: 3200 | C19: =VLOOKUP(B19,$I$4:$J$8,2)*B19 -> 480 | D19: =VLOOKUP(B19,$I$4:$K$8,3) -> 354.8 | E19: =C19-D19 -> 125.2 | F19: =IF(B19>5645.8,624.04,VLOOKUP(B19,$M$4:$N$6,2)*B19) -> 352
A20: Katarina | B20: 1050 | C20: =VLOOKUP(B20,$I$4:$J$8,2)*B20 -> 0 | D20: =VLOOKUP(B20,$I$4:$K$8,3) -> 0 | E20: =C20-D20 -> 0 | F20: =IF(B20>5645.8,624.04,VLOOKUP(B20,$M$4:$N$6,2)*B20) -> 84

Sheet CLIENTES
A1: CLIENTE | B1: RENDA MENSAL | C1: CLASSIFICAÇÃO | E1: RENDA MENSAL | F1: VALOR | G1: POSIÇÃO | H1: CLIENTE
A2: Jacira | B2: 3500 | C2: =HLOOKUP(B2,[2]CLASSIFICAÇÃO!$B$1:$E$2,2) -> B | E2: Maior renda | F2: =MAX(B2:B10) -> 4500 | G2: =MATCH(F2,B2:B10,0) -> 3 | H2: =INDEX(A2:A10,G2) -> Claudio
A3: Emilene | B3: 1200 | C3: =HLOOKUP(B3,[2]CLASSIFICAÇÃO!$B$1:$E$2,2) -> C | E3: Menor Renda | F3: =MIN(B2:B10) -> 750 | G3: =MATCH(F3,B2:B10,0) -> 4 | H3: =INDEX(A2:A10,G3) -> Eneida
A4: Claudio | B4: 4500 | C4: =HLOOKUP(B4,[2]CLASSIFICAÇÃO!$B$1:$E$2,2) -> A
A5: Eneida | B5: 750 | C5: =HLOOKUP(B5,[2]CLASSIFICAÇÃO!$B$1:$E$2,2) -> D
A6: Cristina | B6: 1300 | C6: =HLOOKUP(B6,[2]CLASSIFICAÇÃO!$B$1:$E$2,2) -> C
A7: Roseli | B7: 3000 | C7: =HLOOKUP(B7,[2]CLASSIFICAÇÃO!$B$1:$E$2,2) -> B
A8: Margarida | B8: 1800 | C8: =HLOOKUP(B8,[2]CLASSIFICAÇÃO!$B$1:$E$2,2) -> C
A9: Rosana | B9: 2600 | C9: =HLOOKUP(B9,[2]CLASSIFICAÇÃO!$B$1:$E$2,2) -> B
A10: Hilda | B10: 3500 | C10: =HLOOKUP(B10,[2]CLASSIFICAÇÃO!$B$1:$E$2,2) -> B

Sheet CLASSIFICAÇÃO
A1: RENDA MENSAL | B1: 0 | C1: 801 | D1: 2000 | E1: 4000
A2: CLASSIFICAÇÃO | B2: D | C2: C | D2: B | E2: A
