Workbook

Sheet CADASTRO
A1: CURSOS DE INFORMÁTICA TECHBY
A3: NOME DO ALUNO | B3: FILIAL | C3: CÓDIGO CURSO | D3: NOME CURSO | E3: VALOR MENSALIDADE | J3: FUNÇÕES
A4: Ana Maria Bernardes | B4: Vila Mariana | C4: 2 | D4: =VLOOKUP(C4,TABELA!$A$2:$C$10,2,FALSE) -> Word - Básico | E4: =_xlfn.XLOOKUP(C4,TABELA!$A$2:$A$10,TABELA!$C$2:$C$10,"Não encontrado") -> 180 | J4: #=PROCV(C4;TABELA!$A$2:$C$10;2;FALSO)
A5: Beatriz Saracena | B5: Aclimação | C5: 3 | D5: =VLOOKUP(C5,TABELA!$A$2:$C$10,2,FALSE) -> Word - Avançado | E5: =_xlfn.XLOOKUP(C5,TABELA!$A$2:$A$10,TABELA!$C$2:$C$10,"Não encontrado") -> 270
A6: Diógenes Duarte Lima | B6: Vila Mariana | C6: 2 | D6: =VLOOKUP(C6,TABELA!$A$2:$C$10,2,FALSE) -> Word - Básico | E6: =_xlfn.XLOOKUP(C6,TABELA!$A$2:$A$10,TABELA!$C$2:$C$10,"Não encontrado") -> 180
A7: Fernando Coriolano | B7: Itaim Bibi | C7: 3 | D7: =VLOOKUP(C7,TABELA!$A$2:$C$10,2,FALSE) -> Word - Avançado | E7: =_xlfn.XLOOKUP(C7,TABELA!$A$2:$A$10,TABELA!$C$2:$C$10,"Não encontrado") -> 270
A8: Maria Carolina Braga | B8: Itaim Bibi | C8: 1 | D8: =VLOOKUP(C8,TABELA!$A$2:$C$10,2,FALSE) -> Internet | E8: =_xlfn.XLOOKUP(C8,TABELA!$A$2:$A$10,TABELA!$C$2:$C$10,"Não encontrado") -> 150 | J8: núm_indice_coluna - número da coluna onde quer pegar o dado
A9: Felipe dos Santos | B9: Aclimação | C9: 4 | D9: =VLOOKUP(C9,TABELA!$A$2:$C$10,2,FALSE) -> Excel - Básico | E9: =_xlfn.XLOOKUP(C9,TABELA!$A$2:$A$10,TABELA!$C$2:$C$10,"Não encontrado") -> 200 | J9: matriz_tabela - tabela de onde pegará o dado
A10: Vanderlei Higino | B10: Aclimação | C10: 1 | D10: =VLOOKUP(C10,TABELA!$A$2:$C$10,2,FALSE) -> Internet | E10: =_xlfn.XLOOKUP(C10,TABELA!$A$2:$A$10,TABELA!$C$2:$C$10,"Não encontrado") -> 150 | J10: 0 - falso
A11: Rodrigo Maia | B11: Aclimação | C11: 4 | D11: =VLOOKUP(C11,TABELA!$A$2:$C$10,2,FALSE) -> Excel - Básico | E11: =_xlfn.XLOOKUP(C11,TABELA!$A$2:$A$10,TABELA!$C$2:$C$10,"Não encontrado") -> 200 | J11: 1 - verdadeiro
A12: Alexandre Garcia Gomes | B12: Vila Mariana | C12: 6 | D12: =VLOOKUP(C12,TABELA!$A$2:$C$10,2,FALSE) -> Power Point - Básico | E12: =_xlfn.XLOOKUP(C12,TABELA!$A$2:$A$10,TABELA!$C$2:$C$10,"Não encontrado") -> 120
A13: Jussara Medeiros | B13: Itaim Bibi | C13: 6 | D13: =VLOOKUP(C13,TABELA!$A$2:$C$10,2,FALSE) -> Power Point - Básico | E13: =_xlfn.XLOOKUP(C13,TABELA!$A$2:$A$10,TABELA!$C$2:$C$10,"Não encontrado") -> 120 | J13: #=PROCX(C4;TABELA!$A$2:$A$10;TABELA!$C$2:$C$10;"Não encontrado")
A14: Rogerio Dias | B14: Itaim Bibi | C14: 3 | D14: =VLOOKUP(C14,TABELA!$A$2:$C$10,2,FALSE) -> Word - Avançado | E14: =_xlfn.XLOOKUP(C14,TABELA!$A$2:$A$10,TABELA!$C$2:$C$10,"Não encontrado") -> 270
A15: Jaciara Yonh | B15: Itaim Bibi | C15: 8 | D15: =VLOOKUP(C15,TABELA!$A$2:$C$10,2,FALSE) -> Access | E15: =_xlfn.XLOOKUP(C15,TABELA!$A$2:$A$10,TABELA!$C$2:$C$10,"Não encontrado") -> 270
A16: Melina Mercurio | B16: Itaim Bibi | C16: 6 | D16: =VLOOKUP(C16,TABELA!$A$2:$C$10,2,FALSE) -> Power Point - Básico | E16: =_xlfn.XLOOKUP(C16,TABELA!$A$2:$A$10,TABELA!$C$2:$C$10,"Não encontrado") -> 120
A17: Sofia Barros Maranhão | B17: Aclimação | C17: 2 | D17: =VLOOKUP(C17,TABELA!$A$2:$C$10,2,FALSE) -> Word - Básico | E17: =_xlfn.XLOOKUP(C17,TABELA!$A$2:$A$10,TABELA!$C$2:$C$10,"Não encontrado") -> 180
A18: Vanessa Silva e Souza | B18: Aclimação | C18: 3 | D18: =VLOOKUP(C18,TABELA!$A$2:$C$10,2,FALSE) -> Word - Avançado | E18: =_xlfn.XLOOKUP(C18,TABELA!$A$2:$A$10,TABELA!$C$2:$C$10,"Não encontrado") -> 270
A19: Luiz André Ferreira | B19: Vila Mariana | C19: 4 | D19: =VLOOKUP(C19,TABELA!$A$2:$C$10,2,FALSE) -> Excel - Básico | E19: =_xlfn.XLOOKUP(C19,TABELA!$A$2:$A$10,TABELA!$C$2:$C$10,"Não encontrado") -> 200
A20: Márcia Giuliani | B20: Aclimação | C20: 9 | D20: =VLOOKUP(C20,TABELA!$A$2:$C$10,2,FALSE) -> Access com VBA | E20: =_xlfn.XLOOKUP(C20,TABELA!$A$2:$A$10,TABELA!$C$2:$C$10,"Não encontrado") -> 320
A21: Jade Vinilitti | B21: Aclimação | C21: 1 | D21: =VLOOKUP(C21,TABELA!$A$2:$C$10,2,FALSE) -> Internet | E21: =_xlfn.XLOOKUP(C21,TABELA!$A$2:$A$10,TABELA!$C$2:$C$10,"Não encontrado") -> 150
A22: Georgina Nythe | B22: Vila Mariana | C22: 8 | D22: =VLOOKUP(C22,TABELA!$A$2:$C$10,2,FALSE) -> Access | E22: =_xlfn.XLOOKUP(C22,TABELA!$A$2:$A$10,TABELA!$C$2:$C$10,"Não encontrado") -> 270
A23: Barbara Hioli | B23: Aclimação | C23: 5 | D23: =VLOOKUP(C23,TABELA!$A$2:$C$10,2,FALSE) -> Excel - Avançado | E23: =_xlfn.XLOOKUP(C23,TABELA!$A$2:$A$10,TABELA!$C$2:$C$10,"Não encontrado") -> 250
A24: João Paulo Moreira | B24: Aclimação | C24: 7 | D24: =VLOOKUP(C24,TABELA!$A$2:$C$10,2,FALSE) -> Power Point - Avançado | E24: =_xlfn.XLOOKUP(C24,TABELA!$A$2:$A$10,TABELA!$C$2:$C$10,"Não encontrado") -> 170
A27: Aluno | B27: Unidade
A28: Rogerio Dias | B28: =VLOOKUP(A28,A4:E24,2,0) -> Itaim Bibi | C28: COM PROCV
A29: Vanderlei Higino | B29: =_xlfn.XLOOKUP(A29,A4:A24,B4:B24,"Não encontrado") -> Aclimação | C29: COM PROCX

Sheet TABELA
A1: CÓDIGO | B1: CURSO | C1: MENSALIDADE
A2: 1 | B2: Internet | C2: 150
A3: 2 | B3: Word - Básico | C3: 180
A4: 3 | B4: Word - Avançado | C4: 270
A5: 4 | B5: Excel - Básico | C5: 200
A6: 5 | B6: Excel - Avançado | C6: 250
A7: 6 | B7: Power Point - Básico | C7: 120
A8: 7 | B8: Power Point - Avançado | C8: 170
A9: 8 | B9: Access | C9: 270
A10: 9 | B10: Access com VBA | C10: 320

Sheet Plan3
