Workbook
Name ADM: CRITÉRIOS!$A$1:$A$2
Name adm_max_idd: CRITÉRIOS!$H$1:$I$2
Name adm_max_sal: CRITÉRIOS!$A$1:$B$2
Name adm_min_idd: CRITÉRIOS!$K$1:$L$2
Name adm_min_sal: CRITÉRIOS!$D$1:$E$2
Name analista: CRITÉRIOS!$A$10:$A$11
Name assistente: CRITÉRIOS!$A$12:$A$13
Name cargo: CADASTRO!$C$2
Name DADOS: CADASTRO!$A$2:$F$104
Name FIN: CRITÉRIOS!$A$3:$A$4
Name fin_max_idd: CRITÉRIOS!$H$3:$I$4
Name fin_max_sal: CRITÉRIOS!$A$3:$B$4
Name fin_min_idd: CRITÉRIOS!$K$3:$L$4
Name fin_min_sal: CRITÉRIOS!$D$3:$E$4
Name funcionario: CADASTRO!$A$2
Name gerente: CRITÉRIOS!$A$16:$A$17
Name idade: CADASTRO!$F$2
Name INF: CRITÉRIOS!$A$5:$A$6
Name inf_max_idd: CRITÉRIOS!$H$5:$I$6
Name inf_max_sal: CRITÉRIOS!$A$5:$B$6
Name inf_min_idd: CRITÉRIOS!$K$5:$L$6
Name inf_min_sal: CRITÉRIOS!$D$5:$E$6
Name RH: CRITÉRIOS!$A$7:$A$8
Name rh_max_idd: CRITÉRIOS!$H$7:$I$8
Name rh_max_sal: CRITÉRIOS!$A$7:$B$8
Name rh_min_idd: CRITÉRIOS!$K$7:$L$8
Name rh_min_sal: CRITÉRIOS!$D$7:$E$8
Name salario: CADASTRO!$D$2
Name tecnico: CRITÉRIOS!$A$14:$A$15

Sheet Planilha2
A3: Rótulos de Linha | B3: Soma de SALÁRIO | C3: Média de SALÁRIO2 | D3: Máx. de SALÁRIO2 | E3: Mín. de SALÁRIO2 | F3: Soma de IDADE
A4: Administrativo | B4: 66891 | C4: 1967.3824 | D4: 4000 | E4: 890 | F4: 1504
A5: Amanda Colares | B5: 1250 | C5: 1250 | D5: 1250 | E5: 1250 | F5: 35
A6: Ana Cristina Paiva | B6: 4000 | C6: 4000 | D6: 4000 | E6: 4000 | F6: 60
A7: Beatriz Domingues | B7: 1678 | C7: 1678 | D7: 1678 | E7: 1678 | F7: 42
A8: Fabiana Soares | B8: 1200 | C8: 1200 | D8: 1200 | E8: 1200 | F8: 39
A9: Felipe dos Santos | B9: 1207 | C9: 1207 | D9: 1207 | E9: 1207 | F9: 37
A10: Fernando Pas | B10: 1560 | C10: 1560 | D10: 1560 | E10: 1560 | F10: 35
A11: Gabriel Kresko | B11: 1564 | C11: 1564 | D11: 1564 | E11: 1564 | F11: 47
A12: Galdencio Hurita | B12: 1800 | C12: 1800 | D12: 1800 | E12: 1800 | F12: 50
A13: Heraldo Ferreira | B13: 2180 | C13: 2180 | D13: 2180 | E13: 2180 | F13: 45
A14: Homero Gamberin | B14: 2570 | C14: 2570 | D14: 2570 | E14: 2570 | F14: 42
A15: João Alves | B15: 2650 | C15: 2650 | D15: 2650 | E15: 2650 | F15: 58
... A110: Total Geral | B110: 225369 | C110: 2209.5 | D110: 4780 | E110: 890 | F110: 4598

Sheet TABdinamica
A2: CARGO | B2: (Tudo)
A4: Rótulos de Linha | B4: Soma de SALÁRIO | C4: Soma de IDADE
A5: Administrativo | B5: 66891 | C5: 1504
A6: Amanda Colares | B6: 1250 | C6: 35
A7: Ana Cristina Paiva | B7: 4000 | C7: 60
A8: Beatriz Domingues | B8: 1678 | C8: 42
A9: Fabiana Soares | B9: 1200 | C9: 39
A10: Felipe dos Santos | B10: 1207 | C10: 37
A11: Fernando Pas | B11: 1560 | C11: 35
A12: Gabriel Kresko | B12: 1564 | C12: 47
A13: Galdencio Hurita | B13: 1800 | C13: 50
A14: Heraldo Ferreira | B14: 2180 | C14: 45
A15: Homero Gamberin | B15: 2570 | C15: 42
A16: João Alves | B16: 2650 | C16: 58
... A111: Total Geral | B111: 225369 | C111: 4598

Sheet CADASTRO
A1: GOMES PEREIRA EMPREENDIMENTOS
A2: FUNCIONÁRIO | B2: DEPARTAMENTO | C2: CARGO | D2: SALÁRIO | E2: DATA NASCIMENTO | F2: IDADE | K2: FUNÇÕES
A3: Alan Golden | B3: Recursos Humanos | C3: Assistente | D3: 2300 | E3: 33605 | F3: =INT((TODAY()-E3)/365.25) -> 34 | H3: =DATEDIF(E3,TODAY(),"Y") -> 34 | K3: #=INT((HOJE()-E3)/365,25) (EM ANOS)
A4: Amanda Colares | B4: Administrativo | C4: Assistente | D4: 1250 | E4: 33501 | F4: =INT((TODAY()-E4)/365.25) -> 35 | K4: #=DATADIF(E3;HOJE();"Y") - usando a função data dif
A5: Aline Moreno | B5: Recursos Humanos | C5: Assistente | D5: 2100 | E5: 28623 | F5: =INT((TODAY()-E5)/365.25) -> 48
A6: Fernando Pas | B6: Administrativo | C6: Técnico | D6: 1560 | E6: 33199 | F6: =INT((TODAY()-E6)/365.25) -> 35
A7: Ana Cristina Paiva | B7: Administrativo | C7: Gerente | D7: 4000 | E7: 24027 | F7: =INT((TODAY()-E7)/365.25) -> 60
A8: Ana Maria Bernardes | B8: Financeiro | C8: Analista | D8: 2700 | E8: 32827 | F8: =INT((TODAY()-E8)/365.25) -> 36
A9: Angélica Bueno | B9: Informática | C9: Técnico | D9: 1800 | E9: 28302 | F9: =INT((TODAY()-E9)/365.25) -> 49
A10: Arlete Farias | B10: Informática | C10: Técnico | D10: 1750 | E10: 24209 | F10: =INT((TODAY()-E10)/365.25) -> 60
A11: Barbara Hioli | B11: Recursos Humanos | C11: Assistente | D11: 2470 | E11: 24531 | F11: =INT((TODAY()-E11)/365.25) -> 59
A12: Beatriz Domingues | B12: Administrativo | C12: Analista | D12: 1678 | E12: 30759 | F12: =INT((TODAY()-E12)/365.25) -> 42
A13: Beatriz Saracena | B13: Financeiro | C13: Analista | D13: 2790 | E13: 33053 | F13: =INT((TODAY()-E13)/365.25) -> 36
A14: Bernardo Lima | B14: Informática | C14: Técnico | D14: 2000 | E14: 31258 | F14: =INT((TODAY()-E14)/365.25) -> 41
A15: Camila Gonçalves | B15: Informática | C15: Analista | D15: 3500 | E15: 30905 | F15: =INT((TODAY()-E15)/365.25) -> 42
A16: Catarina Big | B16: Recursos Humanos | C16: Assistente | D16: 2700 | E16: 28867 | F16: =INT((TODAY()-E16)/365.25) -> 47
... A104: Yeda Farias | B104: Administrativo | C104: Assistente | D104: 2480 | E104: 32835 | F104: =INT((TODAY()-E104)/365.25) -> 36

Sheet RELATÓRIO
A1: POR DEPARTAMENTO
A2: Departamento | B2: Soma Salários | C2: Média Salários | D2: Maior Salário | E2: Funcionário | F2: Menor Salário | G2: Funcionário | H2: Qtd. Funcionários | I2: Maior Idade | J2: Funcionário | K2: Menor Idade | L2: Funcionário | O2: FUNÇÕES
A3: Administrativo | B3: =DSUM(DADOS,salario,ADM) -> 66891 | C3: =DAVERAGE(DADOS,salario,ADM) -> 1967.3824 | D3: =DMAX(DADOS,salario,ADM) -> 4000 | E3: =DGET(DADOS,funcionario,adm_max_sal) -> Ana Cristina Paiva | F3: =DMIN(DADOS,salario,ADM) -> 890 | G3: =DGET(DADOS,funcionario,adm_min_sal) -> Rogerio Dias | H3: =DCOUNT(DADOS,salario,ADM) -> 34 | I3: =DMAX(DADOS,idade,ADM) -> 60 | J3: =DGET(DADOS,funcionario,adm_max_idd) -> Ana Cristina Paiva | K3: =DMIN(DADOS,idade,ADM) -> 35 | L3: =DGET(DADOS,funcionario,adm_min_idd) -> #NUM! | O3: #=BDSOMA(DADOS;salario;ADM)
A4: Financeiro | B4: =DSUM(DADOS,salario,FIN) -> 57578 | C4: =DAVERAGE(DADOS,salario,FIN) -> 2503.3913 | D4: =DMAX(DADOS,salario,FIN) -> 4780 | E4: =DGET(DADOS,funcionario,fin_max_sal) -> Fernanda Marioni | F4: =DMIN(DADOS,salario,FIN) -> 980 | G4: =DGET(DADOS,funcionario,fin_min_sal) -> Maria do Carmo Leal | H4: =DCOUNT(DADOS,salario,FIN) -> 23 | I4: =DMAX(DADOS,idade,FIN) -> 70 | J4: =DGET(DADOS,funcionario,fin_max_idd) -> Jaciara Yonh | K4: =DMIN(DADOS,idade,FIN) -> 35 | L4: =DGET(DADOS,funcionario,fin_min_idd) -> Jussara Medeiros | O4: #=BDMÉDIA(DADOS;salario;ADM)
A5: Informática | B5: =DSUM(DADOS,salario,INF) -> 44585 | C5: =DAVERAGE(DADOS,salario,INF) -> 2123.0952 | D5: =DMAX(DADOS,salario,INF) -> 4500 | E5: =DGET(DADOS,funcionario,inf_max_sal) -> Diógenes Duarte Lima | F5: =DMIN(DADOS,salario,INF) -> 950 | G5: =DGET(DADOS,funcionario,inf_min_sal) -> Maria Inês Fagundes | H5: =DCOUNT(DADOS,salario,INF) -> 21 | I5: =DMAX(DADOS,idade,INF) -> 67 | J5: =DGET(DADOS,funcionario,inf_max_idd) -> Diógenes Duarte Lima | K5: =DMIN(DADOS,idade,INF) -> 39 | L5: =DGET(DADOS,funcionario,inf_min_idd) -> #NUM! | O5: #=BDMÁX(DADOS;salario;ADM)
A6: Recursos Humanos | B6: =DSUM(DADOS,salario,RH) -> 56315 | C6: =DAVERAGE(DADOS,salario,RH) -> 2346.4583 | D6: =DMAX(DADOS,salario,RH) -> 4200 | E6: =DGET(DADOS,funcionario,rh_max_sal) -> Georgina Nythe | F6: =DMIN(DADOS,salario,RH) -> 956 | G6: =DGET(DADOS,funcionario,rh_min_sal) -> Marineide Novais | H6: =DCOUNT(DADOS,salario,RH) -> 24 | I6: =DMAX(DADOS,idade,RH) -> 59 | J6: =DGET(DADOS,funcionario,rh_max_idd) -> Barbara Hioli | K6: =DMIN(DADOS,idade,RH) -> 34 | L6: =DGET(DADOS,funcionario,rh_min_idd) -> Alan Golden | O6: #=BDMÍN(DADOS;salario;ADM)
O7: #=BDCONTAR(DADOS;salario;ADM)
O8: #=BDEXTRAIR(DADOS;funcionario;adm_max_sal)
A9: POR CARGO | O9: #=BDEXTRAIR(DADOS;funcionario;adm_min_sal)
A10: Cargo | B10: Soma Salários | C10: Média Salários | D10: Maior Salário | E10: Departamento | F10: Menor Salário | G10: Departamento | H10: Qtd. Funcionários | I10: Maior Idade | J10: Departamento | K10: Menor Idade | L10: Departamento
A11: Analista | B11: =DSUM(DADOS,cargo,analista) -> 0
A12: Assistente
A13: Gerente
A14: Técnico

Sheet CRITÉRIOS
A1: Departamento | B1: Salário | C1: ←Máx | D1: Departamento | E1: Salário | F1: ←Min | H1: Departamento | I1: Idade | J1: ←Máx | K1: Departamento | L1: Idade | M1: ←Min
A2: Administrativo | B2: =RELATÓRIO!D3 -> 4000 | D2: Administrativo | E2: =RELATÓRIO!F3 -> 890 | H2: Administrativo | I2: =RELATÓRIO!I3 -> 60 | K2: Administrativo | L2: =RELATÓRIO!K3 -> 35 | O2: FUNÇÕES
A3: Departamento | B3: Salário | D3: Departamento | E3: Salário | H3: Departamento | I3: Idade | K3: Departamento | L3: Idade | O3: "ctrl +" = para adicionar uma linha
A4: Financeiro | B4: =RELATÓRIO!D4 -> 4780 | D4: Financeiro | E4: =RELATÓRIO!F4 -> 980 | H4: Financeiro | I4: =RELATÓRIO!I4 -> 70 | K4: Financeiro | L4: =RELATÓRIO!K4 -> 35
A5: Departamento | B5: Salário | D5: Departamento | E5: Salário | H5: Departamento | I5: Idade | K5: Departamento | L5: Idade
A6: Informática | B6: =RELATÓRIO!D5 -> 4500 | D6: Informática | E6: =RELATÓRIO!F5 -> 950 | H6: Informática | I6: =RELATÓRIO!I5 -> 67 | K6: Informática | L6: =RELATÓRIO!K5 -> 39
A7: Departamento | B7: Salário | D7: Departamento | E7: Salário | H7: Departamento | I7: Idade | K7: Departamento | L7: Idade
A8: Recursos Humanos | B8: =RELATÓRIO!D6 -> 4200 | D8: Recursos Humanos | E8: =RELATÓRIO!F6 -> 956 | H8: Recursos Humanos | I8: =RELATÓRIO!I6 -> 59 | K8: Recursos Humanos | L8: =RELATÓRIO!K6 -> 34
A10: Cargo | B10: Salário | C10: ←Máx | D10: Cargo | E10: Salário | F10: ←Min | H10: Cargo | I10: Salário | J10: ←Máx | K10: Cargo | L10: Salário | M10: ←Min
A11: Analista | B11: =RELATÓRIO!D12 -> 0 | D11: Analista | E11: =RELATÓRIO!G12 -> 0 | H11: Analista | I11: =RELATÓRIO!K12 -> 0 | K11: Analista | L11: =RELATÓRIO!N12 -> 0
A12: Cargo | B12: Salário | D12: Cargo | E12: Salário | H12: Cargo | I12: Salário | K12: Cargo | L12: Salário
A13: Assistente | B13: =RELATÓRIO!D13 -> 0 | D13: Assistente | E13: =RELATÓRIO!G13 -> 0 | H13: Assistente | I13: =RELATÓRIO!K13 -> 0 | K13: Assistente | L13: =RELATÓRIO!N13 -> 0
A14: Cargo | B14: Salário | D14: Cargo | E14: Salário | H14: Cargo | I14: Salário | K14: Cargo | L14: Salário
A15: Técnico | B15: =RELATÓRIO!D14 -> 0 | D15: Técnico | E15: =RELATÓRIO!G14 -> 0 | H15: Técnico | I15: =RELATÓRIO!K14 -> 0 | K15: Técnico | L15: =RELATÓRIO!N14 -> 0
A16: Cargo | B16: Salário | D16: Cargo | E16: Salário | H16: Cargo | I16: Salário | K16: Cargo | L16: Salário
A17: Gerente | B17: =RELATÓRIO!D15 -> 0 | D17: Gerente | E17: =RELATÓRIO!G15 -> 0 | H17: Gerente | I17: =RELATÓRIO!K15 -> 0 | K17: Gerente | L17: =RELATÓRIO!N15 -> 0

Sheet Planilha1
