Workbook

Sheet VENDAS
A1: Valor do Prêmio | B1: 50000 | C1: Meta: | D1: 130000
A2: VENDEDOR | B2: DEPARTAMENTO | C2: VALOR DA VENDA (R$) | D2: COLOCAÇÃO | E2: VALOR DO PRÊMIO | F2: CONCEITO | G2: PRÊMIO EXTRA
A3: Miriam Hashimoto | B3: ZERO KM | C3: 150000 | D3: =_xlfn.RANK.EQ(C3,$C$3:$C$22,0) -> 1 | E3: =IF(D3=1,$B$1/RELATÓRIO!$B$10,0) -> 25000 | F3: {=_xlfn.IFS(D3=1,"Excelente",C3>$D$1,"Ótimo",C3=$D$1,"Bom",C3<$D$1,"Melhorar")} -> Excelente | G3: {=_xlfn.IFS(F6="Ótimo","Viagem para Natal",C6<=$D$1&C6,AND(C6>=10000,"Notebook",C3>$D$1,""))} -> Viagem para Natal | J3: FUNÇÕES
A4: Luci Pereira | B4: ISENÇÕES | C4: 150000 | D4: =_xlfn.RANK.EQ(C4,$C$3:$C$22,0) -> 1 | E4: =IF(D4=1,$B$1/RELATÓRIO!$B$10,0) -> 25000 | F4: {=_xlfn.IFS(D4=1,"Excelente",C4>$D$1,"Ótimo",C4=$D$1,"Bom",C4<$D$1,"Melhorar")} -> Excelente | G4: {=_xlfn.IFS(F7="Ótimo","Viagem para Natal",C7<=$D$1&C7,AND(C7>=10000,"Notebook",C4>$D$1,""))} -> Viagem para Natal | J4: #=ORDEM.EQ(C3;$C$3:$C$22;0) - DEFINIR A ORDEM DE UMA COLOCAÇÃO/RANKING
A5: Hector Mangiolii | B5: ZERO KM | C5: 149000 | D5: =_xlfn.RANK.EQ(C5,$C$3:$C$22,0) -> 3 | E5: =IF(D5=1,$B$1/RELATÓRIO!$B$10,0) -> 0 | F5: {=_xlfn.IFS(D5=1,"Excelente",C5>$D$1,"Ótimo",C5=$D$1,"Bom",C5<$D$1,"Melhorar")} -> Ótimo | G5: {=_xlfn.IFS(F8="Ótimo","Viagem para Natal",C8<=$D$1&C8,AND(C8>=10000,"Notebook",C5>$D$1,""))} -> Viagem para Natal | J5: #=SE(D3=1;$B$1/RELATÓRIO!$B$10;0) - DEFINIR O VALOR PARA OS GANHADORES
A6: Katia Domenica Lira | B6: USADOS | C6: 143000 | D6: =_xlfn.RANK.EQ(C6,$C$3:$C$22,0) -> 4 | E6: =IF(D6=1,$B$1/RELATÓRIO!$B$10,0) -> 0 | F6: {=_xlfn.IFS(D6=1,"Excelente",C6>$D$1,"Ótimo",C6=$D$1,"Bom",C6<$D$1,"Melhorar")} -> Ótimo | G6: {=_xlfn.IFS(F9="Ótimo","Viagem para Natal",C9<=$D$1&C9,AND(C9>=10000,"Notebook",C6>$D$1,""))} -> Viagem para Natal
A7: Marineide Novais | B7: USADOS | C7: 137000 | D7: =_xlfn.RANK.EQ(C7,$C$3:$C$22,0) -> 5 | E7: =IF(D7=1,$B$1/RELATÓRIO!$B$10,0) -> 0 | F7: {=_xlfn.IFS(D7=1,"Excelente",C7>$D$1,"Ótimo",C7=$D$1,"Bom",C7<$D$1,"Melhorar")} -> Ótimo | G7: {=_xlfn.IFS(F10="Ótimo","Viagem para Natal",C10<=$D$1&C10,AND(C10>=10000,"Notebook",C7>$D$1,""))} -> TRUE
A8: Maria Amélia Gouveia | B8: ZERO KM | C8: 134600 | D8: =_xlfn.RANK.EQ(C8,$C$3:$C$22,0) -> 6 | E8: =IF(D8=1,$B$1/RELATÓRIO!$B$10,0) -> 0 | F8: {=_xlfn.IFS(D8=1,"Excelente",C8>$D$1,"Ótimo",C8=$D$1,"Bom",C8<$D$1,"Melhorar")} -> Ótimo | G8: {=_xlfn.IFS(F11="Ótimo","Viagem para Natal",C11<=$D$1&C11,AND(C11>=10000,"Notebook",C8>$D$1,""))} -> TRUE
A9: Marli Vieira | B9: ISENÇÕES | C9: 134000 | D9: =_xlfn.RANK.EQ(C9,$C$3:$C$22,0) -> 7 | E9: =IF(D9=1,$B$1/RELATÓRIO!$B$10,0) -> 0 | F9: {=_xlfn.IFS(D9=1,"Excelente",C9>$D$1,"Ótimo",C9=$D$1,"Bom",C9<$D$1,"Melhorar")} -> Ótimo | G9: {=_xlfn.IFS(F12="Ótimo","Viagem para Natal",C12<=$D$1&C12,AND(C12>=10000,"Notebook",C9>$D$1,""))} -> TRUE | J9: #=SES(D3=1;"Excelente";C3>$D$1;"Ótimo";C3=$D$1;"Bom";C3<$D$1;"Melhorar")
A10: Solange Farias | B10: ZERO KM | C10: 130000 | D10: =_xlfn.RANK.EQ(C10,$C$3:$C$22,0) -> 8 | E10: =IF(D10=1,$B$1/RELATÓRIO!$B$10,0) -> 0 | F10: {=_xlfn.IFS(D10=1,"Excelente",C10>$D$1,"Ótimo",C10=$D$1,"Bom",C10<$D$1,"Melhorar")} -> Bom | G10: {=_xlfn.IFS(F13="Ótimo","Viagem para Natal",C13<=$D$1&C13,AND(C13>=10000,"Notebook",C10>$D$1,""))} -> FALSE | J10: Conceitos:
A11: Homero Gamberin | B11: USADOS | C11: 123000 | D11: =_xlfn.RANK.EQ(C11,$C$3:$C$22,0) -> 9 | E11: =IF(D11=1,$B$1/RELATÓRIO!$B$10,0) -> 0 | F11: {=_xlfn.IFS(D11=1,"Excelente",C11>$D$1,"Ótimo",C11=$D$1,"Bom",C11<$D$1,"Melhorar")} -> Melhorar | G11: {=_xlfn.IFS(F14="Ótimo","Viagem para Natal",C14<=$D$1&C14,AND(C14>=10000,"Notebook",C11>$D$1,""))} -> FALSE | J11: Se Colocação = 1; "Excelente";
A12: Camila Gonçalves | B12: ZERO KM | C12: 123000 | D12: =_xlfn.RANK.EQ(C12,$C$3:$C$22,0) -> 9 | E12: =IF(D12=1,$B$1/RELATÓRIO!$B$10,0) -> 0 | F12: {=_xlfn.IFS(D12=1,"Excelente",C12>$D$1,"Ótimo",C12=$D$1,"Bom",C12<$D$1,"Melhorar")} -> Melhorar | G12: {=_xlfn.IFS(F15="Ótimo","Viagem para Natal",C15<=$D$1&C15,AND(C15>=10000,"Notebook",C12>$D$1,""))} -> FALSE | J12: Se Venda > Meta; "Ótimo";
A13: Arlete Farias | B13: USADOS | C13: 120000 | D13: =_xlfn.RANK.EQ(C13,$C$3:$C$22,0) -> 11 | E13: =IF(D13=1,$B$1/RELATÓRIO!$B$10,0) -> 0 | F13: {=_xlfn.IFS(D13=1,"Excelente",C13>$D$1,"Ótimo",C13=$D$1,"Bom",C13<$D$1,"Melhorar")} -> Melhorar | G13: {=_xlfn.IFS(F16="Ótimo","Viagem para Natal",C16<=$D$1&C16,AND(C16>=10000,"Notebook",C13>$D$1,""))} -> FALSE | J13: Se Venda = Meta; "Bom"
A14: Máximo Queiroz | B14: USADOS | C14: 100000 | D14: =_xlfn.RANK.EQ(C14,$C$3:$C$22,0) -> 12 | E14: =IF(D14=1,$B$1/RELATÓRIO!$B$10,0) -> 0 | F14: {=_xlfn.IFS(D14=1,"Excelente",C14>$D$1,"Ótimo",C14=$D$1,"Bom",C14<$D$1,"Melhorar")} -> Melhorar | G14: {=_xlfn.IFS(F17="Ótimo","Viagem para Natal",C17<=$D$1&C17,AND(C17>=10000,"Notebook",C14>$D$1,""))} -> FALSE | J14: Senão "Melhorar"
A15: Luciana Meirelles | B15: ZERO KM | C15: 90870 | D15: =_xlfn.RANK.EQ(C15,$C$3:$C$22,0) -> 13 | E15: =IF(D15=1,$B$1/RELATÓRIO!$B$10,0) -> 0 | F15: {=_xlfn.IFS(D15=1,"Excelente",C15>$D$1,"Ótimo",C15=$D$1,"Bom",C15<$D$1,"Melhorar")} -> Melhorar | G15: {=_xlfn.IFS(F18="Ótimo","Viagem para Natal",C18<=$D$1&C18,AND(C18>=10000,"Notebook",C15>$D$1,""))} -> FALSE
A16: Beatriz Domingues | B16: ZERO KM | C16: 87900 | D16: =_xlfn.RANK.EQ(C16,$C$3:$C$22,0) -> 14 | E16: =IF(D16=1,$B$1/RELATÓRIO!$B$10,0) -> 0 | F16: {=_xlfn.IFS(D16=1,"Excelente",C16>$D$1,"Ótimo",C16=$D$1,"Bom",C16<$D$1,"Melhorar")} -> Melhorar | G16: {=_xlfn.IFS(F19="Ótimo","Viagem para Natal",C19<=$D$1&C19,AND(C19>=10000,"Notebook",C16>$D$1,""))} -> FALSE
A17: Rogério Hanibal Junior | B17: USADOS | C17: 76900 | D17: =_xlfn.RANK.EQ(C17,$C$3:$C$22,0) -> 15 | E17: =IF(D17=1,$B$1/RELATÓRIO!$B$10,0) -> 0 | F17: {=_xlfn.IFS(D17=1,"Excelente",C17>$D$1,"Ótimo",C17=$D$1,"Bom",C17<$D$1,"Melhorar")} -> Melhorar | G17: {=_xlfn.IFS(F20="Ótimo","Viagem para Natal",C20<=$D$1&C20,AND(C20>=10000,"Notebook",C17>$D$1,""))} -> FALSE | J17: #=SES(D3=1;"Excelente";C3>$D$1;"Ótimo";C3=$D$1;"Bom";C3<$D$1;"Melhorar")
A18: Geraldo Maximiliano | B18: USADOS | C18: 67800 | D18: =_xlfn.RANK.EQ(C18,$C$3:$C$22,0) -> 16 | E18: =IF(D18=1,$B$1/RELATÓRIO!$B$10,0) -> 0 | F18: {=_xlfn.IFS(D18=1,"Excelente",C18>$D$1,"Ótimo",C18=$D$1,"Bom",C18<$D$1,"Melhorar")} -> Melhorar | G18: {=_xlfn.IFS(F21="Ótimo","Viagem para Natal",C21<=$D$1&C21,AND(C21>=10000,"Notebook",C18>$D$1,""))} -> FALSE | J18: Prêmio Extra:
A19: Fernando Augusto Martinez | B19: ISENÇÕES | C19: 50000 | D19: =_xlfn.RANK.EQ(C19,$C$3:$C$22,0) -> 17 | E19: =IF(D19=1,$B$1/RELATÓRIO!$B$10,0) -> 0 | F19: {=_xlfn.IFS(D19=1,"Excelente",C19>$D$1,"Ótimo",C19=$D$1,"Bom",C19<$D$1,"Melhorar")} -> Melhorar | G19: {=_xlfn.IFS(F22="Ótimo","Viagem para Natal",C22<=$D$1&C22,AND(C22>=10000,"Notebook",C19>$D$1,""))} -> #N/A | J19: Se Conceito = Ótimo; "Viagem para Natal"
A20: Stella Cruz e Souza | B20: USADOS | C20: 45000 | D20: =_xlfn.RANK.EQ(C20,$C$3:$C$22,0) -> 18 | E20: =IF(D20=1,$B$1/RELATÓRIO!$B$10,0) -> 0 | F20: {=_xlfn.IFS(D20=1,"Excelente",C20>$D$1,"Ótimo",C20=$D$1,"Bom",C20<$D$1,"Melhorar")} -> Melhorar | G20: {=_xlfn.IFS(F23="Ótimo","Viagem para Natal",C23<=$D$1&C23,AND(C23>=10000,"Notebook",C20>$D$1,""))} -> FALSE | J20: Se Venda <= Meta e a Venda >= 100.000; "Notebook"
A21: Gilda Soares | B21: ISENÇÕES | C21: 23000 | D21: =_xlfn.RANK.EQ(C21,$C$3:$C$22,0) -> 19 | E21: =IF(D21=1,$B$1/RELATÓRIO!$B$10,0) -> 0 | F21: {=_xlfn.IFS(D21=1,"Excelente",C21>$D$1,"Ótimo",C21=$D$1,"Bom",C21<$D$1,"Melhorar")} -> Melhorar | G21: {=_xlfn.IFS(F24="Ótimo","Viagem para Natal",C24<=$D$1&C24,AND(C24>=10000,"Notebook",C21>$D$1,""))} -> FALSE | J21: Senão "Vazio"
A22: Marcela Gianotti | B22: ISENÇÕES | D22: =_xlfn.RANK.EQ(C22,$C$3:$C$22,0) -> #N/A | E22: =IF(D22=1,$B$1/RELATÓRIO!$B$10,0) -> #N/A | F22: {=_xlfn.IFS(D22=1,"Excelente",C22>$D$1,"Ótimo",C22=$D$1,"Bom",C22<$D$1,"Melhorar")} -> #N/A | G22: {=_xlfn.IFS(F25="Ótimo","Viagem para Natal",C25<=$D$1&C25,AND(C25>=10000,"Notebook",C22>$D$1,""))} -> FALSE

Sheet RELATÓRIO
A1: VENDAS | D1: USADOS | G1: FUNÇÕES
A2: Maior | B2: =MAX(VENDAS!C3:C22) -> 150000 | D2: Total Vendedores | E2: =COUNTIF(VENDAS!B3:B22,"usados") -> 8 | G2: #=MÁXIMO(VENDAS!C3:C22) / O MAIOR VALOR DA LISTA
A3: Menor | B3: =MIN(VENDAS!C3:C22) -> 23000 | D3: Ganhadores | E3: =COUNTIFS(VENDAS!B3:B22,"USADOS",VENDAS!C3:C22,LARGE(VENDAS!D1,1)) -> 0 | G3: #=MÍNIMO(VENDAS!C3:C22) / O MENOR VALOR DA LISTA
A4: Média | B4: =AVERAGE(VENDAS!C3:C21) -> 107108.95 | D4: Média de Vendas Total | E4: =AVERAGEIF(VENDAS!B3:B22,"usados",VENDAS!C3:C22) -> 101587.5 | G4: #=MÉDIA(VENDAS!C3:C21)
D5: Média de Vendas dos Não Ganhadores | E5: =AVERAGEIFS(VENDAS!C3:C22,VENDAS!B3:B22,"usados",VENDAS!E3:E22,"=0") -> 101587.5 | G5: #=CONT.VALORES(VENDAS!A3:A22) / conta valores números ou textos
A6: NÚMERO DE VENDEDORES | G6: #=CONTAR.VAZIO(VENDAS!C3:C22)
A7: Total | B7: =COUNTA(VENDAS!A3:A22) -> 20 | D7: ZERO KM | G7: #=CONT.SE(VENDAS!C3:C21;MÁXIMO(RELATÓRIO!B2)) para identificar os maiores números de venda por pessoa
A8: Não efetuaram vendas | B8: =COUNTBLANK(VENDAS!C3:C22) -> 1 | D8: Total Vendedores | E8: =COUNTIF(VENDAS!B3:B22,"zero km") -> 7 | G8: #=CONT.NÚM(VENDAS!C3:C22) / CONTA OS VALORES EXCETO CÉLULAS VAZIAS
A9: Efetuaram vendas | B9: =COUNT(VENDAS!C3:C22) -> 19 | D9: Ganhadores | E9: =COUNTIFS(VENDAS!B3:B22,"zero km",VENDAS!D3:D22,"=1") -> 1 | G9: #=CONT.SES(VENDAS!B3:B22;"zero km";VENDAS!D3:D22;"=1") - identificar ganhadores por categoria
A10: Ganhadores do prêmio | B10: =COUNTIF(VENDAS!C3:C21,MAX(RELATÓRIO!B2)) -> 2 | D10: Média de Vendas Total | E10: =AVERAGEIF(VENDAS!B3:B22,"zero km",VENDAS!C3:C22) -> 123624.29 | G10: #=MÉDIASE(VENDAS!B3:B22;"zero km";VENDAS!C3:C22) - identificar média por categoria
D11: Média de Vendas dos Não Ganhadores | E11: =AVERAGEIFS(VENDAS!C3:C22,VENDAS!B3:B22,"zero km",VENDAS!E3:E22,"=0") -> 119228.33
D13: ISENÇÕES
D14: Total Vendedores | E14: =COUNTIF(VENDAS!B3:B22,"isenções") -> 5
D15: Ganhadores | E15: =COUNTIFS(VENDAS!B3:B22,"isenções",VENDAS!D3:D22,"=1") -> 1
D16: Média de Vendas Total | E16: =AVERAGEIF(VENDAS!B3:B22,"isenções",VENDAS!C3:C22) -> 89250
D17: Média de Vendas dos Não Ganhadores | E17: =AVERAGEIFS(VENDAS!C3:C22,VENDAS!B3:B22,"isenções",VENDAS!E3:E22,"=0") -> 69000
