Workbook

Sheet ESTOQUE
A1: DATA DE HOJE: | F1: =TODAY() -> 46293 | G1: 0.82152778 | H1: =NOW() -> 46293.867 | K1: funções
A2: DIA DE HOJE: | F2: =DAY(F1) -> 28 | K2: para trazer a hora atual: ctrl+shift+;
A3: NÚMERO DO MÊS DE HOJE: | F3: =MONTH(F1) -> 9 | G3: =TEXT(F1,"mmmm") -> setembro | K3: #=AGORA() - traz data e hora atual / qualquer enter ou clique duplo para atualizar
A4: ANO DE HOJE: | F4: =YEAR(F1) -> 2026 | K4: #=HOJE() - traz data atual
A5: NÚMERO DO DIA DA SEMANA DE HOJE: | F5: =WEEKDAY(F1,1) -> 2 | G5: =TEXT(F1,"dddd") -> segunda-feira | K5: #=ESCOLHER(F5;"dom";"seg";"ter";"qua";"qui";"sex";sáb) - para definir o nome do dia
K6: #=TEXTO(F1;"mmmm") / TEXTO(F1;"dddd") - para definir o nome do dia ou do mês
A7: CONTROLE DO ESTOQUE DE VASSOURAS | K7: #=DIATRABALHO.INTL(B8-1;1;1;FERIADOS!A:A) - definir o dia útil a partir do 1º dia do mês
A8: MÊS: | B8: 43221 | K8: #=DIATRABALHO.INTL(A11;1;1;FERIADOS!A:A) - definir os próximos dias úteis do mês
A10: DATA | B10: DIA DA SEMANA | C10: ESTOQUE ANTERIOR | D10: QUANTIDADE ENTRADA | E10: QUANTIDADE SAÍDA | F10: ESTOQUE DO DIA
A11: =WORKDAY.INTL(B8-1,1,1,FERIADOS!A:A) -> 43222 | B11: =TEXT(A11,"dddd") -> quarta-feira | C11: 10 | D11: 20 | E11: 15 | F11: =C11+D11-E11 -> 15
A12: =WORKDAY.INTL(A11,1,1,FERIADOS!A:A) -> 43223 | B12: =TEXT(A12,"dddd") -> quinta-feira | C12: =F11 -> 15 | D12: 5 | E12: 20 | F12: =C12+D12-E12 -> 0
A13: =WORKDAY.INTL(A12,1,1,FERIADOS!A:A) -> 43224 | B13: =TEXT(A13,"dddd") -> sexta-feira | C13: =F12 -> 0 | D13: 10 | E13: 8 | F13: =C13+D13-E13 -> 2
A14: =WORKDAY.INTL(A13,1,1,FERIADOS!A:A) -> 43227 | B14: =TEXT(A14,"dddd") -> segunda-feira | C14: =F13 -> 2 | D14: 23 | E14: 20 | F14: =C14+D14-E14 -> 5
A15: =WORKDAY.INTL(A14,1,1,FERIADOS!A:A) -> 43228 | B15: =TEXT(A15,"dddd") -> terça-feira | C15: =F14 -> 5 | D15: 25 | E15: 22 | F15: =C15+D15-E15 -> 8
A16: =WORKDAY.INTL(A15,1,1,FERIADOS!A:A) -> 43229 | B16: =TEXT(A16,"dddd") -> quarta-feira | C16: =F15 -> 8 | D16: 12 | E16: 10 | F16: =C16+D16-E16 -> 10
A17: =WORKDAY.INTL(A16,1,1,FERIADOS!A:A) -> 43230 | B17: =TEXT(A17,"dddd") -> quinta-feira | C17: =F16 -> 10 | D17: 20 | E17: 12 | F17: =C17+D17-E17 -> 18
A18: =WORKDAY.INTL(A17,1,1,FERIADOS!A:A) -> 43231 | B18: =TEXT(A18,"dddd") -> sexta-feira | C18: =F17 -> 18 | D18: 2 | E18: 15 | F18: =C18+D18-E18 -> 5
A19: =WORKDAY.INTL(A18,1,1,FERIADOS!A:A) -> 43234 | B19: =TEXT(A19,"dddd") -> segunda-feira | C19: =F18 -> 5 | D19: 13 | E19: 17 | F19: =C19+D19-E19 -> 1
A20: =WORKDAY.INTL(A19,1,1,FERIADOS!A:A) -> 43235 | B20: =TEXT(A20,"dddd") -> terça-feira | C20: =F19 -> 1 | D20: 20 | E20: 15 | F20: =C20+D20-E20 -> 6
A21: =WORKDAY.INTL(A20,1,1,FERIADOS!A:A) -> 43236 | B21: =TEXT(A21,"dddd") -> quarta-feira | C21: =F20 -> 6 | D21: 22 | E21: 25 | F21: =C21+D21-E21 -> 3
A22: =WORKDAY.INTL(A21,1,1,FERIADOS!A:A) -> 43237 | B22: =TEXT(A22,"dddd") -> quinta-feira | C22: =F21 -> 3 | D22: 30 | E22: 24 | F22: =C22+D22-E22 -> 9
A23: =WORKDAY.INTL(A22,1,1,FERIADOS!A:A) -> 43238 | B23: =TEXT(A23,"dddd") -> sexta-feira | C23: =F22 -> 9 | D23: 45 | E23: 40 | F23: =C23+D23-E23 -> 14
... A30: =WORKDAY.INTL(A29,1,1,FERIADOS!A:A) -> 43249 | B30: =TEXT(A30,"dddd") -> terça-feira | C30: =F29 -> 7 | D30: 13 | E30: 15 | F30: =C30+D30-E30 -> 5

Sheet FERIADOS
A1: 43221
A2: 43251

Sheet Plan3
